transaction_id,sender,receiver,amount,timestamp
TX001,W001,W002,120,2026-08-18 09:00:00
TX002,W002,W003,80,2026-08-18 09:05:00
TX003,W003,W004,50,2026-08-18 09:10:00
TX004,W004,W005,75,2026-08-18 09:15:00
TX005,W001,W003,200,2026-08-18 09:20:00
TX006,W002,W005,150,2026-08-18 09:25:00
TX007,W005,W006,90,2026-08-18 09:30:00
TX008,W003,W006,110,2026-08-18 09:35:00
TX009,W006,W007,60,2026-08-18 09:40:00
TX010,W007,W008,95,2026-08-18 09:45:00
TX011,W008,W009,70,2026-08-18 09:50:00
TX012,W009,W010,85,2026-08-18 09:55:00
TX013,W003,W004,130,2026-08-18 10:00:00
TX014,W004,W006,100,2026-08-18 10:05:00
TX015,W006,W002,140,2026-08-18 10:10:00
TX016,W002,W003,90,2026-08-18 10:15:00
TX017,W003,W001,75,2026-08-18 10:20:00
TX018,W005,W010,180,2026-08-18 10:25:00
TX019,W010,W011,125,2026-08-18 10:30:00
TX020,W011,W012,100,2026-08-18 10:35:00
TX021,W012,W013,95,2026-08-18 10:40:00
TX022,W013,W014,110,2026-08-18 10:45:00
TX023,W014,W015,90,2026-08-18 10:50:00
TX024,W015,W001,105,2026-08-18 10:55:00
TX025,W001,W002,130,2026-08-18 11:00:00
TX026,W002,W004,115,2026-08-18 11:05:00
TX027,W004,W005,125,2026-08-18 11:10:00
TX028,W005,W006,100,2026-08-18 11:15:00
TX029,W006,W007,95,2026-08-18 11:20:00
TX030,W007,W008,105,2026-08-18 11:25:00
TX031,W016,W017,5000,2026-08-18 12:00:00
TX032,W017,W018,4900,2026-08-18 12:01:00
TX033,W018,W019,4800,2026-08-18 12:02:00
TX034,W019,W016,4700,2026-08-18 12:03:00
TX035,W016,W018,6000,2026-08-18 12:04:00
TX036,W018,W016,5900,2026-08-18 12:05:00
TX037,W016,W019,7000,2026-08-18 12:06:00
TX038,W019,W018,6800,2026-08-18 12:07:00
TX039,W016,W017,9000,2026-08-18 12:08:00
TX040,W017,W016,8800,2026-08-18 12:09:00
TX041,W016,W018,12000,2026-08-18 12:10:00
TX042,W018,W019,11500,2026-08-18 12:11:00
TX043,W019,W016,11000,2026-08-18 12:12:00
TX044,W016,W017,15000,2026-08-18 12:13:00
TX045,W017,W018,14500,2026-08-18 12:14:00
TX046,W018,W016,14000,2026-08-18 12:15:00
TX047,W016,W019,16000,2026-08-18 12:16:00
TX048,W019,W017,15500,2026-08-18 12:17:00
TX049,W017,W016,17000,2026-08-18 12:18:00
TX050,W016,W018,16500,2026-08-18 12:19:00